{
  "_c0": "UUID of default/main resource pack.",
  "main_uuid": "e50d9521-62e1-427f-821b-96d546b81b22",
  "_c1": "Marks resource pack as required, only effects clients and mods using api to check it",
  "markResourcePackAsRequiredByDefault": false,
  "_c5": "Included resource packs from mods!",
  "include_mod_assets": [],
  "_c6": "Included resource packs from zips!",
  "include_zips": [
    "world/resources.zip"
  ],
  "_c7": "Path used for creation of default resourcepack!",
  "resource_pack_location": "polymer/resource_pack.zip",
  "_c8": "Prevents selected paths from being added to resource pack, if they start with provided text.",
  "prevent_path_with": []
}